scope,suite,benign_n,benign_utility_pct,attack_n,attack_utility_pct,asr_n,asr_pct,complete_removal_pct,benign_edit_pct,mean_latency_ms
suite,banking,16,87.5,144,81.94444444444444,144,0,100,0,19.93470374848851
suite,dailylife,20,85,200,81.5,200,1.5,12.5,2.551020408163265,18.54890829694323
suite,github,20,80,180,73.88888888888889,180,0.5555555555555556,58.88888888888889,0.591715976331361,18.7578947368421
suite,shopping,20,50,180,43.88888888888889,180,0,2.777777777777778,0.6557377049180327,15.77244193345888
suite,slack,21,90.47619047619048,105,65.71428571428571,105,0,99.04761904761905,2.255639097744361,20.4701030927835
suite,travel,20,75,140,75,140,0,100,0,17.59921671018277
suite,workspace,40,82.5,153,90.84967320261438,153,0.6535947712418301,61.03896103896103,3.64963503649635,39.67732115677321
paper_3_suite,all,,71.66666666666667,,66.42592592592592,,0.6851851851851851,,,
all_7_suite,all,157,78.98089171974523,1102,73.13974591651544,1102,0.4537205081669692,,,
